{"cameraMode":{"drawMode":0,"name":"Shaded","section":"Shading Mode"},"sceneLighting":true,"audioPlay":false,"sceneViewState":{"m_AlwaysRefresh":false,"showFog":true,"showSkybox":true,"showFlares":true,"showImageEffects":true,"showParticleSystems":true,"showVisualEffectGraphs":true,"m_FxEnabled":true},"in2DMode":false,"pivot":{"x":328.1123352050781,"y":158.70074462890626,"z":16.153640747070314},"rotation":{"x":0.1244831383228302,"y":0.008925470523536206,"z":-0.0011197191197425128,"w":0.9921962022781372},"size":249.1205596923828,"orthographic":false}